ave_fitness	ave_genome_length	ave_tree_depth	ave_tree_nodes	ave_used_codons	best_fitness	gen	invalids	max_genome_length	max_tree_depth	max_tree_nodes	max_used_codons	min_genome_length	min_tree_depth	min_tree_nodes	min_used_codons	runtime_error	time_adjust	time_taken	total_inds	total_time	unique_inds	unused_search	
175997.065424	18.8	7.6	16.7	12.7	563323.551413	0	0	43	9	39	29	10	7	9	7	0	0	28.47705888748169	10	28.47705888748169	10	0.0	
563323.551413	12.7	8.0	18.0	14.0	563323.551413	1	9	21	8.0	18.0	14.0	5	8.0	18.0	14.0	0	0	3.24379825592041	20	31.7208571434021	11	44.99999999999999	
563323.551413	20.3	8.5	18.5	14.5	563323.551413	2	18	27	9.0	19.0	15.0	14	8.0	18.0	14.0	0	0	2.909207582473755	30	34.630064725875854	12	60.0	
231329.420565	24.0	8.2	16.6	13.0	563323.551413	3	24	29	9.0	23.0	18.0	18	7.0	9.0	7.0	0	0	11.7233304977417	40	46.353395223617554	16	60.0	
405231.108152	25.1	9.14285714286	21.4285714286	16.8571428571	563323.551413	4	28	43	10.0	28.0	22.0	9	8.0	14.0	11.0	0	0	15.774508714675903	50	62.12790393829346	21	58.0	
405231.108152	29.9	9.14285714286	22.0	17.1428571429	563323.551413	5	32	41	13.0	44.0	35.0	16	7.0	9.0	7.0	0	0	16.479395151138306	60	78.60729908943176	26	56.666666666666664	
405231.108152	29.9	9.14285714286	22.0	17.1428571429	563323.551413	5	32	41	13.0	44.0	35.0	16	7.0	9.0	7.0	0	0	16.479395151138306	60	78.60729908943176	26	56.666666666666664	
