ave_fitness	ave_genome_length	ave_tree_depth	ave_tree_nodes	ave_used_codons	best_fitness	gen	infeasible	invalids	max_genome_length	max_tree_depth	max_tree_nodes	max_used_codons	min_genome_length	min_tree_depth	min_tree_nodes	min_used_codons	time_adjust	time_taken	total_inds	total_time	unique_inds	unused_search	
10143.00976	20.4	7.8	17.5	13.7	10476.6992	0	0	0	54	10	45	36	9	6	8	6	0	15.404956579208374	10	15.404956579208374	9	10.0	
10095.33984	32.1	9.4	21.0	16.4	10476.6992	1	0	6	54	12.0	32.0	25.0	11	8.0	14.0	11.0	0	5.656759738922119	20	21.061716318130493	12	40.0	
10136.1997714	35.9	9.71428571429	24.8571428571	19.2857142857	10476.6992	2	0	10	54	13.0	50.0	39.0	20	8.0	14.0	11.0	0	8.126638412475586	30	29.18835473060608	17	43.333333333333336	
10190.67968	38.9	8.6	18.8	14.6	10476.6992	3	0	16	72	11.0	32.0	24.0	21	6.0	8.0	6.0	0	5.938571214675903	40	35.12692594528198	19	52.5	
10238.3496	30.5	9.5	21.0	16.5	10476.6992	4	0	21	52	12.0	34.0	28.0	21	7.0	12.0	9.0	0	6.7015111446380615	50	41.828437089920044	24	52.0	
10476.6992	30.4	10.1666666667	25.1666666667	20.1666666667	10476.6992	5	0	26	47	12.0	38.0	30.0	19	8.0	18.0	14.0	0	6.528158664703369	60	48.35659575462341	28	53.333333333333336	
