ave_fitness	ave_genome_length	ave_tree_depth	ave_tree_nodes	ave_used_codons	best_fitness	gen	invalids	max_genome_length	max_tree_depth	max_tree_nodes	max_used_codons	min_genome_length	min_tree_depth	min_tree_nodes	min_used_codons	runtime_error	time_adjust	time_taken	total_inds	total_time	unique_inds	unused_search	
267439.674512	75.8	8.4	72.0	50.8	563323.551413	0	0	235	10	224	157	25	7	24	17	0	0	26.418331146240234	10	26.418331146240234	10	0.0	
427683.965928	114.5	12.0	257.333333333	181.666666667	563323.551413	1	5	197	16.0	473.0	334.0	34	7.0	24.0	17.0	0	0	20.482629776000977	20	46.90096092224121	15	25.0	
563323.551413	139.6	10.6666666667	163.333333333	115.333333333	563323.551413	2	13	235	13.0	250.0	177.0	85	8.0	91.0	64.0	0	0	7.184984922409058	30	54.08594584465027	16	46.666666666666664	
563323.551413	152.9	10.3333333333	131.333333333	92.6666666667	563323.551413	3	21	290	12.0	156.0	110.0	42	8.0	91.0	64.0	0	0	6.979391574859619	40	61.06533741950989	18	55.0	
290462.408665	153.8	12.5	202.5	142.5	563323.551413	4	30	330	17.0	314.0	221.0	56	8.0	91.0	64.0	0	0	4.6600189208984375	50	65.72535634040833	19	62.0	
291332.382452	95.7	10.0	98.5	69.5	563323.551413	5	39	149	12.0	106.0	75.0	43	8.0	91.0	64.0	0	0	3.125778913497925	60	68.85113525390625	20	66.66666666666667	
291332.382452	95.7	10.0	98.5	69.5	563323.551413	5	39	149	12.0	106.0	75.0	43	8.0	91.0	64.0	0	0	3.125778913497925	60	68.85113525390625	20	66.66666666666667	
