ave_fitness	ave_genome_length	ave_tree_depth	ave_tree_nodes	ave_used_codons	best_fitness	gen	invalids	max_genome_length	max_tree_depth	max_tree_nodes	max_used_codons	min_genome_length	min_tree_depth	min_tree_nodes	min_used_codons	runtime_error	time_adjust	time_taken	total_inds	total_time	unique_inds	unused_search	
10000.0	90.8	8.2	83.85	57.75	10000.0	0	0	397	10	386	265	24	7	23	16	0	0	52.79317545890808	20	52.79317545890808	20	0.0	
10000.0	43.75	11.1666666667	63.8333333333	44.5	10000.0	1	15	115	15.0	167.0	116.0	19	7.0	23.0	16.0	0	0	12.627583742141724	40	65.4207592010498	25	37.5	
10000.0	33.95	10.0	73.4166666667	50.9166666667	10000.0	2	24	89	16.0	300.0	207.0	11	7.0	23.0	16.0	0	0	28.14109206199646	60	93.56185126304626	32	46.666666666666664	
10000.0	27.95	9.66666666667	55.8333333333	38.8333333333	10000.0	3	33	52	12.0	134.0	93.0	7	7.0	23.0	16.0	0	0	27.653006076812744	80	121.21485733985901	39	51.25	
10000.0	29.2	9.0	50.1428571429	34.8571428571	10000.0	4	40	61	13.0	160.0	111.0	7	7.0	23.0	16.0	0	0	32.20007801055908	100	153.4149353504181	52	48.0	
10000.0	19.7	8.41176470588	34.6470588235	24.1176470588	10000.0	5	44	35	11.0	94.0	65.0	4	7.0	23.0	16.0	0	0	37.220218658447266	120	190.63515400886536	65	45.833333333333336	
10000.0	19.7	8.41176470588	34.6470588235	24.1176470588	10000.0	5	44	35	11.0	94.0	65.0	4	7.0	23.0	16.0	0	0	37.220218658447266	120	190.63515400886536	65	45.833333333333336	
