ave_fitness	ave_genome_length	ave_tree_depth	ave_tree_nodes	ave_used_codons	best_fitness	gen	invalids	max_genome_length	max_tree_depth	max_tree_nodes	max_used_codons	min_genome_length	min_tree_depth	min_tree_nodes	min_used_codons	runtime_error	time_adjust	time_taken	total_inds	total_time	unique_inds	unused_search	
166646.648372	120.15	8.35	112.3	77.3	796997.230063	0	0	451	10	438	301	24	7	23	16	0	0	55.565531969070435	20	55.565531969070435	20	0.0	
499393.57686	155.75	8.6	93.6	64.6	796997.230063	1	16	422	13.0	224.0	155.0	24	7.0	23.0	16.0	0	0	10.010787725448608	40	65.57631969451904	24	40.0	
394887.07337	151.15	7.4	38.9	26.9	796997.230063	2	27	266	9.0	175.0	120.0	28	7.0	23.0	16.0	0	0	18.0372896194458	60	83.61360931396484	29	51.666666666666664	
219502.521802	134.75	7.89473684211	41.3157894737	28.6315789474	796997.230063	3	29	180	15.0	175.0	120.0	35	7.0	23.0	16.0	0	0	37.58475065231323	80	121.19835996627808	43	46.25	
132485.936263	146.05	7.92857142857	45.8571428571	31.7142857143	796997.230063	4	36	211	11.0	175.0	120.0	48	7.0	23.0	16.0	0	0	26.48558759689331	100	147.6839475631714	56	43.99999999999999	
249861.93214	127.55	7.72222222222	40.7777777778	28.2222222222	796997.230063	5	39	180	10.0	175.0	120.0	48	7.0	23.0	16.0	0	0	34.64826726913452	120	182.3322148323059	68	43.333333333333336	
249861.93214	127.55	7.72222222222	40.7777777778	28.2222222222	796997.230063	5	39	180	10.0	175.0	120.0	48	7.0	23.0	16.0	0	0	34.64826726913452	120	182.3322148323059	68	43.333333333333336	
