ave_fitness	ave_genome_length	ave_tree_depth	ave_tree_nodes	ave_used_codons	best_fitness	gen	invalids	max_genome_length	max_tree_depth	max_tree_nodes	max_used_codons	min_genome_length	min_tree_depth	min_tree_nodes	min_used_codons	runtime_error	time_adjust	time_taken	total_inds	total_time	unique_inds	unused_search	
13527.7760606	105.905	8.38	100.71	70.815	28427.3200572	0	0	720	10	686	480	25	7	24	17	0	0	682.379460811615	200	682.379460811615	200	0.0	
12769.6732956	145.135	10.2173913043	65.1304347826	46.1594202899	28427.3200572	1	131	494	17.0	262.0	185.0	16	7.0	24.0	17.0	1	0	193.634197473526	400	876.013658285141	262	34.5	
13393.9272679	132.33	9.9932885906	58.677852349	41.644295302	28427.3200572	2	182	389	17.0	287.0	204.0	4	7.0	24.0	17.0	2	0	421.0616557598114	600	1297.0753140449524	370	38.33333333333333	
13527.6164607	127.74	10.0061728395	58.0617283951	41.1666666667	28427.3200572	3	220	471	17.0	270.0	191.0	6	7.0	24.0	17.0	2	0	470.4970564842224	800	1767.5723705291748	493	38.375	
13664.8830471	142.245	10.1151515152	57.7090909091	40.9575757576	28427.3200572	4	255	439	17.0	333.0	235.0	11	7.0	24.0	17.0	2	0	470.2553427219391	1000	2237.827713251114	627	37.3	
13801.30709	136.095	9.82142857143	54.7083333333	38.8392857143	28427.3200572	5	287	409	17.0	366.0	258.0	4	7.0	24.0	17.0	2	0	465.84858083724976	1200	2703.6762940883636	759	36.75000000000001	
13801.30709	136.095	9.82142857143	54.7083333333	38.8392857143	28427.3200572	5	287	409	17.0	366.0	258.0	4	7.0	24.0	17.0	2	0	465.84858083724976	1200	2703.6762940883636	759	36.75000000000001	
