ave_fitness	ave_genome_length	ave_tree_depth	ave_tree_nodes	ave_used_codons	best_fitness	gen	invalids	max_genome_length	max_tree_depth	max_tree_nodes	max_used_codons	min_genome_length	min_tree_depth	min_tree_nodes	min_used_codons	runtime_error	time_adjust	time_taken	total_inds	total_time	unique_inds	unused_search	
205698.722615	116.88	12.96	101.41	78.07	742336.506616	0	0	738	20	639	492	12	6	11	8	8	0	280.08439588546753	100	280.08439588546753	92	8.0	
244018.117079	128.38	12.9512195122	47.7804878049	36.8780487805	742336.506616	1	60	455	28.0	224.0	174.0	11	7.0	12.0	9.0	8	0	83.56224846839905	200	363.6466443538666	129	35.5	
342506.095043	125.97	11.5802469136	34.1604938272	26.3209876543	742336.506616	2	80	347	25.0	224.0	174.0	7	7.0	12.0	9.0	8	0	159.38723492622375	300	523.0338792800903	176	41.333333333333336	
372243.792356	127.68	11.4642857143	33.6547619048	25.9404761905	742336.506616	3	97	332	27.0	224.0	174.0	1	7.0	12.0	9.0	8	0	162.81647443771362	400	685.850353717804	226	43.50000000000001	
342143.920365	142.77	12.9302325581	41.9302325581	32.523255814	742336.506616	4	112	341	30.0	224.0	174.0	9	6.0	11.0	8.0	9	0	170.16632223129272	500	856.0166759490967	281	43.8	
427230.3255	137.16	12.5625	39.9625	30.8875	742336.506616	5	133	330	26.0	224.0	174.0	9	7.0	12.0	9.0	9	0	158.29315447807312	600	1014.3098304271698	329	45.166666666666664	
427230.3255	137.16	12.5625	39.9625	30.8875	742336.506616	5	133	330	26.0	224.0	174.0	9	7.0	12.0	9.0	9	0	158.29315447807312	600	1014.3098304271698	329	45.166666666666664	
