ave_fitness	ave_genome_length	ave_tree_depth	ave_tree_nodes	ave_used_codons	best_fitness	gen	invalids	max_genome_length	max_tree_depth	max_tree_nodes	max_used_codons	min_genome_length	min_tree_depth	min_tree_nodes	min_used_codons	runtime_error	time_adjust	time_taken	total_inds	total_time	unique_inds	unused_search	
94649.2327768	80.6	8.6	76.3	53.9	749129.902166	0	0	262	10	248	175	25	7	24	17	0	0	27.225297927856445	10	27.225297927856445	10	0.0	
197474.866723	117.0	9.2	48.8	34.8	749129.902166	1	6	373	14.0	120.0	86.0	28	7.0	24.0	17.0	1	0	6.78237247467041	20	34.007670402526855	13	35.0	
130002.936316	43.9	7.9	28.4	20.3	749129.902166	2	6	57	9	44	31	23	7	24	17	1	0	21.80548071861267	30	55.813151121139526	19	36.66666666666667	
268732.288621	45.9	9.1	61.1	43.2	749129.902166	3	6	62	15	328	230	30	7	24	17	1	0	25.73380422592163	40	81.54695534706116	27	32.5	
198004.268398	42.9	9.0	41.2	29.3	749129.902166	4	7	56	15	131	92	34	7	24	17	1	0	22.125447750091553	50	103.67240309715271	32	36.0	
212358.109388	39.8	7.85714285714	28.5714285714	20.4285714286	749129.902166	5	11	63	8.0	44.0	31.0	17	7.0	24.0	17.0	1	0	13.40871524810791	60	117.08111834526062	38	36.66666666666667	
212358.109388	39.8	7.85714285714	28.5714285714	20.4285714286	749129.902166	5	11	63	8.0	44.0	31.0	17	7.0	24.0	17.0	1	0	13.40871524810791	60	117.08111834526062	38	36.66666666666667	
