ave_fitness	ave_genome_length	ave_tree_depth	ave_tree_nodes	ave_used_codons	best_fitness	gen	invalids	max_genome_length	max_tree_depth	max_tree_nodes	max_used_codons	min_genome_length	min_tree_depth	min_tree_nodes	min_used_codons	runtime_error	time_adjust	time_taken	total_inds	total_time	unique_inds	unused_search	
14330.5947597	3079.7	13.32	2913.685	2053.285	30512.089926	0	0	37128	20	35109	24752	25	7	24	17	34	0	18155.215846776962	200	18155.215846776962	166	17.0	
12952.6262926	1180.97	10.2808988764	91.6516853933	65.0786516854	30512.089926	1	111	4848	28.0	1281.0	903.0	28	7.0	24.0	17.0	34	0	372.77126145362854	400	18527.98710823059	228	43.00000000000001	
15138.2155149	1244.11	10.3566433566	88.8741258741	63.0839160839	31129.7297151	2	168	4076	22.0	672.0	476.0	19	7.0	24.0	17.0	34	0	636.063839673996	600	19164.050947904587	335	44.166666666666664	
15623.9799876	1522.52	10.5471698113	104.729559748	74.4213836478	31129.7297151	3	209	4164	23.0	2162.0	1528.0	106	7.0	24.0	17.0	34	0	729.6232891082764	800	19893.674237012863	453	43.375	
14911.2370574	1615.74	9.9512195122	79.006097561	56.2134146341	31129.7297151	4	245	4412	24.0	2162.0	1528.0	10	7.0	24.0	17.0	34	0	704.047149181366	1000	20597.72138619423	577	42.300000000000004	
14845.8554058	1553.8	9.51396648045	54.4581005587	38.8491620112	31129.7297151	5	266	4092	21.0	324.0	229.0	127	7.0	24.0	17.0	34	0	719.7785494327545	1200	21317.499935626984	719	40.083333333333336	
16692.2420722	1337.02	10.1437125749	80.502994012	57.4011976048	34027.8740349	6	299	4175	26.0	1252.0	889.0	185	7.0	24.0	17.0	34	0	731.7217264175415	1400	22049.221662044525	842	39.85714285714286	
