ave_fitness	ave_genome_length	ave_tree_depth	ave_tree_nodes	ave_used_codons	best_fitness	gen	invalids	max_genome_length	max_tree_depth	max_tree_nodes	max_used_codons	min_genome_length	min_tree_depth	min_tree_nodes	min_used_codons	runtime_error	time_adjust	time_taken	total_inds	total_time	unique_inds	unused_search	
149125.224214	85.9	8.25	81.55	57.5	751665.938324	0	0	351	10	332	234	25	7	24	17	0	0	54.15813088417053	20	54.15813088417053	20	0.0	
137612.929218	48.7	9.5	47.0	33.4	751665.938324	1	11	144	11.0	97.0	69.0	13	7.0	24.0	17.0	0	0	21.16322374343872	40	75.32135462760925	29	27.5	
130628.255224	52.7	10.5833333333	54.75	38.9166666667	751665.938324	2	20	155	13.0	103.0	73.0	1	8.0	28.0	20.0	0	0	26.70954990386963	60	102.03090453147888	38	36.66666666666667	
92267.4038331	54.2	10.5454545455	45.1818181818	32.1818181818	751665.938324	3	30	149	14.0	97.0	69.0	2	7.0	24.0	17.0	0	0	23.681593894958496	80	125.71249842643738	46	42.50000000000001	
87636.3079752	63.85	10.2941176471	43.2352941176	30.8235294118	751665.938324	4	34	166	14.0	124.0	88.0	16	8.0	25.0	18.0	0	0	35.83389139175415	100	161.54638981819153	60	40.0	
224141.933077	56.6	11.2727272727	52.0	37.0909090909	751665.938324	5	44	153	17.0	124.0	88.0	16	7.0	24.0	17.0	0	0	23.024630546569824	120	184.57102036476135	68	43.333333333333336	
224141.933077	56.6	11.2727272727	52.0	37.0909090909	751665.938324	5	44	153	17.0	124.0	88.0	16	7.0	24.0	17.0	0	0	23.024630546569824	120	184.57102036476135	68	43.333333333333336	
