ave_fitness	ave_genome_length	ave_tree_depth	ave_tree_nodes	ave_used_codons	best_fitness	gen	invalids	max_genome_length	max_tree_depth	max_tree_nodes	max_used_codons	min_genome_length	min_tree_depth	min_tree_nodes	min_used_codons	runtime_error	time_adjust	time_taken	total_inds	total_time	unique_inds	unused_search	
400186.114694	27.6	9.2	26.7	20.8	1829968.92107	0	0	67	17	85	67	10	7	9	7	0	0	32.45830678939819	10	32.45830678939819	10	0.0	
896690.67186	60.4	14.6666666667	63.0	49.6666666667	1829968.92107	1	5	114	17.0	85.0	67.0	16	6.0	8.0	6.0	0	0	64.46121382713318	20	96.91952061653137	14	30.0	
524139.482182	68.9	15.3333333333	71.2222222222	56.2222222222	1829968.92107	2	7	105	17.0	133.0	105.0	35	13.0	36.0	29.0	0	0	57.84087824821472	30	154.7603988647461	20	33.33333333333334	
674584.232344	68.3	15.4444444444	76.2222222222	60.1111111111	1829968.92107	3	9	80	17.0	92.0	72.0	52	14.0	43.0	34.0	1	0	41.6810188293457	40	196.4414176940918	24	40.0	
806662.920568	71.0	15.3333333333	74.1111111111	58.7777777778	1829968.92107	4	11	119	17.0	89.0	71.0	28	11.0	26.0	21.0	1	0	80.10164833068848	50	276.5430660247803	29	42.00000000000001	
478021.175781	60.4	13.75	62.0	49.125	1829968.92107	5	14	113	17.0	92.0	73.0	21	6.0	8.0	6.0	1	0	40.149165391922	60	316.69223141670227	33	44.99999999999999	
