ave_fitness	ave_genome_length	ave_tree_depth	ave_tree_nodes	ave_used_codons	best_fitness	gen	invalids	max_genome_length	max_tree_depth	max_tree_nodes	max_used_codons	min_genome_length	min_tree_depth	min_tree_nodes	min_used_codons	runtime_error	time_adjust	time_taken	total_inds	total_time	unique_inds	unused_search	
175997.065424	88.7	13.0	77.0	59.3	563323.551413	0	0	214	20	186	143	12	6	11	8	0	0	47.129165172576904	20	47.129165172576904	20	0.0	
301754.989536	58.45	12.1111111111	39.2222222222	30.2222222222	563323.551413	1	12	147	21.0	108.0	85.0	10	7.0	12.0	9.0	0	0	16.27460479736328	40	63.403769969940186	28	30.0	
362114.987263	57.2	10.1818181818	23.5454545455	18.0909090909	563323.551413	2	22	135	18.0	42.0	34.0	13	7.0	12.0	9.0	0	0	18.91412925720215	60	82.31789922714233	36	40.0	
377224.319385	49.45	12.1818181818	35.6363636364	27.4545454545	563323.551413	3	32	122	23.0	115.0	90.0	13	7.0	12.0	9.0	0	0	20.451614141464233	80	102.76951336860657	43	46.25	
452658.84113	45.4	12.2666666667	31.1333333333	23.8666666667	563323.551413	4	38	72	19.0	56.0	44.0	13	7.0	12.0	9.0	0	0	27.403005123138428	100	130.172518491745	53	47.0	
365707.997337	45.3	11.3571428571	27.3571428571	21.0714285714	563323.551413	5	45	78	14.0	41.0	32.0	13	7.0	12.0	9.0	0	0	24.869670867919922	120	155.04218935966492	62	48.33333333333333	
365707.997337	45.3	11.3571428571	27.3571428571	21.0714285714	563323.551413	5	45	78	14.0	41.0	32.0	13	7.0	12.0	9.0	0	0	24.869670867919922	120	155.04218935966492	62	48.33333333333333	
