ave_fitness	ave_genome_length	ave_tree_depth	ave_tree_nodes	ave_used_codons	best_fitness	gen	invalids	max_genome_length	max_tree_depth	max_tree_nodes	max_used_codons	min_genome_length	min_tree_depth	min_tree_nodes	min_used_codons	runtime_error	time_adjust	time_taken	total_inds	total_time	unique_inds	unused_search	
563323.551413	105.2	8.6	99.9	70.4	563323.551413	0	0	307	10	291	205	25	7	24	17	0	0	29.621798515319824	10	29.621798515319824	10	0.0	
563323.551413	115.1	8.375	38.75	27.375	563323.551413	1	3	307	11.0	65.0	46.0	25	7.0	24.0	17.0	0	0	16.657142877578735	20	46.27894139289856	17	15.0	
563323.551413	101.2	10.6666666667	71.8333333333	51.0	563323.551413	2	8	317	17.0	212.0	151.0	15	7.0	24.0	17.0	0	0	13.865845441818237	30	60.1447868347168	20	33.33333333333334	
563323.551413	54.3	9.66666666667	44.2222222222	31.3333333333	563323.551413	3	10	254	11.0	76.0	54.0	18	7.0	24.0	17.0	0	0	19.420792818069458	40	79.56557965278625	27	32.5	
563323.551413	38.8	9.8	48.6	34.5	563323.551413	4	11	60	14	76	54	18	7	24	17	0	0	22.441365242004395	50	102.00694489479065	33	34.0	
563323.551413	48.6	10.4444444444	47.3333333333	33.5555555556	563323.551413	5	13	83	15.0	85.0	61.0	25	7.0	24.0	17.0	0	0	19.554009437561035	60	121.56095433235168	40	33.33333333333334	
563323.551413	48.6	10.4444444444	47.3333333333	33.5555555556	563323.551413	5	13	83	15.0	85.0	61.0	25	7.0	24.0	17.0	0	0	19.554009437561035	60	121.56095433235168	40	33.33333333333334	
