ave_fitness	ave_genome_length	ave_tree_depth	ave_tree_nodes	ave_used_codons	best_fitness	gen	invalids	max_genome_length	max_tree_depth	max_tree_nodes	max_used_codons	min_genome_length	min_tree_depth	min_tree_nodes	min_used_codons	runtime_error	time_adjust	time_taken	total_inds	total_time	unique_inds	unused_search	
280026.07435	216.6	8.7	205.8	144.6	563323.551413	0	0	600	10	570	400	28	7	27	19	0	0	36.94044280052185	10	36.94044280052185	10	0.0	
121750.062783	119.4	8.2	42.3	30.2	563323.551413	1	1	384	13	165	118	28	7	27	19	0	0	21.810561895370483	20	58.751004695892334	19	5.0	
79165.4439266	34.0	7.125	27.125	19.125	563323.551413	2	4	60	8.0	28.0	20.0	14	7.0	27.0	19.0	0	0	16.006651163101196	30	74.75765585899353	26	13.333333333333329	
318551.19645	43.7	8.22222222222	43.7777777778	31.0	563323.551413	3	6	72	11.0	107.0	76.0	16	7.0	27.0	19.0	0	0	18.498409271240234	40	93.25606513023376	33	17.5	
395133.856625	42.2	8.42857142857	38.7142857143	27.2857142857	563323.551413	4	10	78	11.0	81.0	57.0	9	7.0	27.0	19.0	0	0	13.746279954910278	50	107.00234508514404	36	28.0	
137013.430404	40.7	8.33333333333	48.6666666667	34.4444444444	563323.551413	5	12	83	12.0	105.0	75.0	25	7.0	27.0	19.0	0	0	19.400485038757324	60	126.40283012390137	44	26.66666666666667	
137013.430404	40.7	8.33333333333	48.6666666667	34.4444444444	563323.551413	5	12	83	12.0	105.0	75.0	25	7.0	27.0	19.0	0	0	19.400485038757324	60	126.40283012390137	44	26.66666666666667	
