ave_fitness	ave_genome_length	ave_tree_depth	ave_tree_nodes	ave_used_codons	best_fitness	gen	infeasible	invalids	max_genome_length	max_tree_depth	max_tree_nodes	max_used_codons	min_genome_length	min_tree_depth	min_tree_nodes	min_used_codons	time_adjust	time_taken	total_inds	total_time	unique_inds	unused_search	
0.335	22.58	8.56	19.4	15.28	0.0	0	0	0	54	10	45	36	9	6	8	6	0	139.25428128242493	50	139.25428128242493	39	22.0	
0.407407407407	19.3	8.18518518519	12.8148148148	10.1111111111	0.0	1	0	23	42	11.0	27.0	22.0	4	6.0	8.0	6.0	0	92.41523337364197	100	231.6695146560669	50	50.0	
0.25641025641	21.72	7.74358974359	12.3333333333	9.69230769231	0.0	2	0	34	44	13.0	36.0	29.0	6	6.0	8.0	6.0	0	109.09861302375793	150	340.76812767982483	58	61.333333333333336	
0.166666666667	20.84	7.69444444444	12.2222222222	9.58333333333	0.0	3	0	48	45	14.0	36.0	29.0	4	6.0	8.0	6.0	0	77.98675394058228	200	418.7548816204071	61	69.5	
0.116666666667	18.7	7.03333333333	9.56666666667	7.4	0.0	4	0	68	38	12.0	20.0	16.0	2	6.0	8.0	6.0	0	65.27347612380981	250	484.0283577442169	64	74.4	
0.159090909091	16.06	7.42424242424	10.4848484848	8.15151515152	0.0	5	0	85	26	12.0	24.0	19.0	6	6.0	8.0	6.0	0	89.15689063072205	300	573.185248374939	69	77.0	
