ave_fitness	ave_genome_length	ave_tree_depth	ave_tree_nodes	ave_used_codons	best_fitness	gen	invalids	max_genome_length	max_tree_depth	max_tree_nodes	max_used_codons	min_genome_length	min_tree_depth	min_tree_nodes	min_used_codons	runtime_error	time_adjust	time_taken	total_inds	total_time	unique_inds	unused_search	
65332.3551413	38.4	10.5	33.7	25.8	563323.551413	0	0	100	15	87	67	12	6	11	8	0	0	18.700889110565186	10	18.700889110565186	10	0.0	
65332.3551413	23.3	11.0	35.2	26.8	563323.551413	1	1	31	15	65	50	12	7	12	9	0	0	17.628722667694092	20	36.32961177825928	18	10.0	
138668.856506	25.7	12.25	45.0	34.5	563323.551413	2	4	38	24.0	100.0	78.0	15	6.0	11.0	8.0	0	0	14.205383062362671	30	50.53499484062195	24	20.0	
168092.443261	28.5	10.2857142857	34.0	25.8571428571	563323.551413	3	8	49	15.0	65.0	50.0	4	6.0	11.0	8.0	0	0	11.601486444473267	40	62.136481285095215	29	27.5	
247138.664891	32.3	10.4285714286	36.4285714286	27.7142857143	563323.551413	4	12	60	15.0	77.0	59.0	2	6.0	11.0	8.0	0	0	11.925519227981567	50	74.06200051307678	33	34.0	
378882.367608	39.9	11.8333333333	43.1666666667	33.0	563323.551413	5	17	80	17.0	81.0	62.0	6	8.0	17.0	13.0	0	0	10.1023108959198	60	84.16431140899658	36	40.0	
378882.367608	39.9	11.8333333333	43.1666666667	33.0	563323.551413	5	17	80	17.0	81.0	62.0	6	8.0	17.0	13.0	0	0	10.1023108959198	60	84.16431140899658	36	40.0	
