ave_fitness	ave_genome_length	ave_tree_depth	ave_tree_nodes	ave_used_codons	best_fitness	gen	invalids	max_genome_length	max_tree_depth	max_tree_nodes	max_used_codons	min_genome_length	min_tree_depth	min_tree_nodes	min_used_codons	runtime_error	time_adjust	time_taken	total_inds	total_time	unique_inds	unused_search	
170906.548316	120.72	12.834	104.666	80.632	810203.305227	0	0	888	20	768	592	12	6	11	8	29	0	2524.746953725815	500	2524.746953725815	469	6.200000000000003	
178530.609419	120.858	13.1263736264	48.1538461538	36.9945054945	810203.305227	1	319	499	30.0	230.0	180.0	8	6.0	11.0	8.0	31	0	658.5996024608612	1000	3183.346556186676	617	38.3	
229253.555795	127.462	12.5297805643	40.9968652038	31.5109717868	810203.305227	2	501	498	30.0	230.0	177.0	3	6.0	11.0	8.0	34	0	1146.5954976081848	1500	4329.942053794861	810	46.0	
285008.410821	127.614	12.7227138643	40.9587020649	31.5132743363	810203.305227	3	663	495	30.0	230.0	177.0	7	6.0	11.0	8.0	34	0	1235.6836812496185	2000	5565.625735044479	1029	48.550000000000004	
354283.666376	135.616	12.8343023256	42.0465116279	32.4796511628	810203.305227	4	820	491	30.0	230.0	177.0	11	6.0	11.0	8.0	35	0	1177.224193572998	2500	6742.849928617477	1276	48.96	
393108.651545	142.13	13.6575342466	45.8328767123	35.4356164384	810203.305227	5	956	494	29.0	211.0	160.0	12	6.0	11.0	8.0	38	0	1083.5010194778442	3000	7826.350948095322	1514	49.53333333333333	
391412.717915	140.304	13.997311828	47.7930107527	36.9892473118	810203.305227	6	1085	474	30.0	227.0	179.0	15	6.0	11.0	8.0	38	0	1101.2367610931396	3500	8927.587709188461	1788	48.91428571428571	
