ave_fitness	ave_genome_length	ave_tree_depth	ave_tree_nodes	ave_used_codons	best_fitness	gen	invalids	max_genome_length	max_tree_depth	max_tree_nodes	max_used_codons	min_genome_length	min_tree_depth	min_tree_nodes	min_used_codons	runtime_error	time_adjust	time_taken	total_inds	total_time	unique_inds	unused_search	
202279.983818	25.328	8.634	22.131	17.08	563323.551413	0	0	76	10	67	51	9	6	8	6	0	0	2008.7082660198212	1000	2008.7082660198212	726	27.400000000000006	
235101.087178	26.642	8.40634920635	15.2095238095	11.8507936508	563323.551413	1	685	86	17.0	59.0	44.0	4	6.0	8.0	6.0	1	0	582.6301875114441	2000	2591.3384535312653	846	57.7	
316627.411133	25.631	8.11326378539	13.3442622951	10.4456035768	579650.249916	2	1014	78	16.0	54.0	42.0	3	6.0	8.0	6.0	1	0	1279.7738046646118	3000	3871.112258195877	1011	66.3	
374490.461581	26.027	8.08	13.3276923077	10.4184615385	579650.249916	3	1364	77	16.0	54.0	42.0	3	6.0	8.0	6.0	1	0	1243.2514476776123	4000	5114.363705873489	1151	71.225	
412215.264652	27.356	8.24193548387	14.0601173021	11.0190615836	579650.249916	4	1682	82	17.0	54.0	42.0	2	6.0	8.0	6.0	1	0	1318.0042984485626	5000	6432.368004322052	1321	73.58	
435852.142889	27.708	8.27437325905	14.1114206128	11.0835654596	579650.249916	5	1964	98	17.0	50.0	39.0	2	6.0	8.0	6.0	1	0	1401.6322584152222	6000	7834.000262737274	1496	75.06666666666666	
435852.142889	27.708	8.27437325905	14.1114206128	11.0835654596	579650.249916	5	1964	98	17.0	50.0	39.0	2	6.0	8.0	6.0	1	0	1401.6322584152222	6000	7834.000262737274	1496	75.06666666666666	
