ave_fitness	ave_genome_length	ave_tree_depth	ave_tree_nodes	ave_used_codons	best_fitness	gen	infeasible	invalids	max_genome_length	max_tree_depth	max_tree_nodes	max_used_codons	min_genome_length	min_tree_depth	min_tree_nodes	min_used_codons	time_adjust	time_taken	total_inds	total_time	unique_inds	unused_search	
0.425	19.8	8.0	17.1	13.3	0.0	0	0	0	39	10	33	26	9	6	8	6	0	28.128165245056152	10	28.128165245056152	9	10.0	
0.25	14.4	7.5	13.0	10.0	0.0	1	0	9	21	9.0	18.0	14.0	7	6.0	8.0	6.0	0	2.8040874004364014	20	30.932252645492554	10	50.0	
0.166666666667	9.3	6.66666666667	10.0	7.66666666667	0.0	2	0	17	12	7.0	13.0	10.0	7	6.0	8.0	6.0	0	5.647113561630249	30	36.5793662071228	12	60.0	
0.166666666667	9.6	6.66666666667	11.3333333333	8.66666666667	0.0	3	0	24	12	7.0	13.0	10.0	6	6.0	8.0	6.0	0	8.336676120758057	40	44.91604232788086	13	67.5	
0.166666666667	9.6	6.66666666667	11.3333333333	8.66666666667	0.0	4	0	31	12	7.0	13.0	10.0	6	6.0	8.0	6.0	0	8.388041257858276	50	53.304083585739136	13	74.0	
0.166666666667	9.6	6.66666666667	11.3333333333	8.66666666667	0.0	5	0	38	12	7.0	13.0	10.0	6	6.0	8.0	6.0	0	8.153379678726196	60	61.45746326446533	13	78.33333333333333	
