ave_fitness	ave_genome_length	ave_tree_depth	ave_tree_nodes	ave_used_codons	best_fitness	gen	invalids	max_genome_length	max_tree_depth	max_tree_nodes	max_used_codons	min_genome_length	min_tree_depth	min_tree_nodes	min_used_codons	runtime_error	time_adjust	time_taken	total_inds	total_time	unique_inds	unused_search	
8978.15210713	108.705	8.375	103.345	72.685	33702.7758219	0	0	546	10	519	364	25	7	24	17	5	0	662.5713155269623	200	662.5713155269623	195	2.5	
9115.13039447	88.58	9.43820224719	53.1460674157	37.6629213483	33702.7758219	1	111	483	17.0	459.0	322.0	15	7.0	24.0	17.0	5	0	240.8179259300232	400	903.3892414569855	273	31.75	
9664.24720536	104.895	9.27272727273	43.2787878788	30.7333333333	49074.7816601	2	146	483	17.0	459.0	322.0	5	7.0	24.0	17.0	5	0	441.72646141052246	600	1345.115702867508	402	33.0	
9790.12541274	100.66	9.06358381503	36.2196531792	25.7456647399	49074.7816601	3	173	452	17.0	101.0	72.0	5	7.0	24.0	17.0	5	0	462.93160009384155	800	1808.0473029613495	534	33.25	
11286.9947593	82.925	9.12568306011	37.5792349727	26.7158469945	50536.9632303	4	190	405	17.0	182.0	129.0	3	7.0	24.0	17.0	5	0	483.5044894218445	1000	2291.551792383194	673	32.69999999999999	
11764.9853888	71.45	9.27222222222	38.4333333333	27.3333333333	83661.1277609	5	210	281	17.0	167.0	119.0	9	7.0	24.0	17.0	5	0	465.0183906555176	1200	2756.5701830387115	824	31.33333333333333	
11764.9853888	71.45	9.27222222222	38.4333333333	27.3333333333	83661.1277609	5	210	281	17.0	167.0	119.0	9	7.0	24.0	17.0	5	0	465.0183906555176	1200	2756.5701830387115	824	31.33333333333333	
