ave_fitness	ave_genome_length	ave_tree_depth	ave_tree_nodes	ave_used_codons	best_fitness	gen	invalids	max_genome_length	max_tree_depth	max_tree_nodes	max_used_codons	min_genome_length	min_tree_depth	min_tree_nodes	min_used_codons	runtime_error	time_adjust	time_taken	total_inds	total_time	unique_inds	unused_search	
111975.390582	42.5	10.2	37.3	28.4	563323.551413	0	0	118	15	102	79	12	6	11	8	1	0	18.206850290298462	10	18.206850290298462	9	10.0	
424992.663559	39.3	9.75	35.0	26.75	563323.551413	1	7	93	13.0	81.0	62.0	12	7.0	12.0	9.0	1	0	6.179592609405518	20	24.38644289970398	12	40.0	
209915.327119	92.2	12.1111111111	46.6666666667	35.3333333333	563323.551413	2	9	144	16.0	81.0	62.0	35	7.0	12.0	9.0	1	0	17.674135446548462	30	42.06057834625244	19	36.66666666666667	
332876.116321	83.7	11.2222222222	48.2222222222	36.6666666667	563323.551413	3	11	99	18.0	101.0	77.0	60	7.0	12.0	9.0	1	0	16.766260385513306	40	58.82683873176575	22	44.99999999999999	
306662.443751	80.8	10.7	40.6	30.8	563323.551413	4	12	99	14	81	62	60	7	12	9	1	0	18.79296088218689	50	77.61979961395264	27	46.0	
452658.84113	76.5	9.8	33.8	25.8	563323.551413	5	13	99	14	81	62	59	6	11	8	1	0	18.12787413597107	60	95.7476737499237	31	48.33333333333333	
452658.84113	76.5	9.8	33.8	25.8	563323.551413	5	13	99	14	81	62	59	6	11	8	1	0	18.12787413597107	60	95.7476737499237	31	48.33333333333333	
