ave_fitness	ave_genome_length	ave_tree_depth	ave_tree_nodes	ave_used_codons	best_fitness	gen	invalids	max_genome_length	max_tree_depth	max_tree_nodes	max_used_codons	min_genome_length	min_tree_depth	min_tree_nodes	min_used_codons	runtime_error	time_adjust	time_taken	total_inds	total_time	unique_inds	unused_search	
188571.941052	176.6	8.5	168.0	117.9	903653.713853	0	0	730	10	695	487	28	7	27	19	0	0	39.560858488082886	10	39.560858488082886	10	0.0	
426953.379912	274.2	8.66666666667	91.5555555556	64.5555555556	903653.713853	1	2	392	12.0	245.0	173.0	89	7.0	24.0	17.0	0	0	21.3777277469635	20	60.93858623504639	15	25.0	
243921.55915	299.6	8.75	97.0	68.375	903653.713853	2	5	482	12.0	245.0	173.0	112	7.0	24.0	17.0	0	0	19.244125366210938	30	80.18271160125732	20	33.33333333333334	
282226.981792	261.0	9.0	104.222222222	73.4444444444	903653.713853	3	7	418	12.0	245.0	173.0	96	7.0	24.0	17.0	0	0	22.443963289260864	40	102.62667489051819	25	37.5	
274249.746108	259.7	9.77777777778	107.111111111	75.5555555556	903653.713853	4	9	405	12.0	245.0	173.0	204	7.0	24.0	17.0	0	0	23.16246485710144	50	125.78913974761963	30	40.0	
210030.081668	246.9	9.9	99.9	70.6	903653.713853	5	9	288	13	243	170	190	8	28	20	0	0	27.643049001693726	60	153.43218874931335	37	38.33333333333333	
210030.081668	246.9	9.9	99.9	70.6	903653.713853	5	9	288	13	243	170	190	8	28	20	0	0	27.643049001693726	60	153.43218874931335	37	38.33333333333333	
