ave_fitness	ave_genome_length	ave_tree_depth	ave_tree_nodes	ave_used_codons	best_fitness	gen	invalids	max_genome_length	max_tree_depth	max_tree_nodes	max_used_codons	min_genome_length	min_tree_depth	min_tree_nodes	min_used_codons	runtime_error	time_adjust	time_taken	total_inds	total_time	unique_inds	unused_search	
17305.3005808	128.975	8.435	122.69	86.21	52959.7501835	0	0	631	10	602	421	25	7	24	17	3	0	726.8240308761597	200	726.8240308761597	197	1.5	
14667.2972578	132.0	9.33333333333	51.2795698925	36.3870967742	52959.7501835	1	107	475	17.0	196.0	137.0	18	7.0	24.0	17.0	3	0	252.11057901382446	400	978.9346098899841	280	30.0	
14928.2887943	137.565	9.45341614907	48.7453416149	34.6273291925	52959.7501835	2	146	463	16.0	278.0	197.0	2	7.0	24.0	17.0	3	0	446.5449833869934	600	1425.4795932769775	404	32.66666666666667	
16033.4117072	120.08	9.67088607595	55.082278481	39.1518987342	52959.7501835	3	188	395	17.0	289.0	205.0	1	7.0	24.0	17.0	3	0	450.205486536026	800	1875.6850798130035	533	33.375	
16006.3968556	110.175	9.69696969697	48.7454545455	34.6787878788	52959.7501835	4	223	388	17.0	278.0	197.0	2	7.0	24.0	17.0	3	0	449.7955231666565	1000	2325.48060297966	662	33.8	
15448.0461155	135.345	10.005952381	59.2202380952	42.1071428571	52959.7501835	5	255	439	17.0	381.0	270.0	10	7.0	24.0	17.0	3	0	463.88337087631226	1200	2789.3639738559723	791	34.08333333333333	
15448.0461155	135.345	10.005952381	59.2202380952	42.1071428571	52959.7501835	5	255	439	17.0	381.0	270.0	10	7.0	24.0	17.0	3	0	463.88337087631226	1200	2789.3639738559723	791	34.08333333333333	
