ave_fitness	ave_genome_length	ave_tree_depth	ave_tree_nodes	ave_used_codons	best_fitness	gen	invalids	max_genome_length	max_tree_depth	max_tree_nodes	max_used_codons	min_genome_length	min_tree_depth	min_tree_nodes	min_used_codons	runtime_error	time_adjust	time_taken	total_inds	total_time	unique_inds	unused_search	
113458.800435	113.52	12.89	98.4	75.85	563323.551413	0	0	655	20	569	437	12	6	11	8	6	0	226.52761101722717	100	226.52761101722717	94	6.0	
145056.760278	109.76	12.4047619048	46.9523809524	36.0238095238	699844.610744	1	59	402	28.0	211.0	164.0	18	7.0	12.0	9.0	6	0	84.63722133636475	200	311.1648323535919	123	38.5	
358107.487455	100.21	12.2467532468	39.6103896104	30.2597402597	699844.610744	2	83	302	28.0	186.0	143.0	1	7.0	12.0	9.0	6	0	155.77643156051636	300	466.9412639141083	175	41.666666666666664	
416676.742122	73.89	17.7323943662	63.5352112676	48.8591549296	759369.516387	3	113	308	30.0	163.0	128.0	1	6.0	11.0	8.0	10	0	143.9998197555542	400	610.9410836696625	228	43.00000000000001	
446836.695636	72.76	19.5466666667	70.3066666667	54.16	759369.516387	4	139	165	30.0	186.0	148.0	2	7.0	12.0	9.0	11	0	164.80622005462646	500	775.7473037242889	280	43.99999999999999	
469795.748105	77.53	17.5125	63.9	48.975	759369.516387	5	160	181	29.0	165.0	128.0	3	7.0	12.0	9.0	11	0	170.91546297073364	600	946.6627666950226	343	42.833333333333336	
469795.748105	77.53	17.5125	63.9	48.975	759369.516387	5	160	181	29.0	165.0	128.0	3	7.0	12.0	9.0	11	0	170.91546297073364	600	946.6627666950226	343	42.833333333333336	
